{"sources":[{"type":"single","resource":"slimefun:slimefun/energy/exp_collector"},{"type":"single","resource":"exotic_garden:foods/grape_salad"},{"type":"single","resource":"exotic_garden:foods/pumpkin_muffin"},{"type":"single","resource":"infinityexpansion:materials/titanium"},{"type":"single","resource":"exotic_garden:drinks/raspberry_iced_tea"},{"type":"single","resource":"exotic_garden:plants/diamond_essence"},{"type":"single","resource":"supreme:components/supreme_core_of_block"},{"type":"single","resource":"slimefun:slimefun/resources/ingots/tin_ingot"},{"type":"single","resource":"extra_gear:swords/copper_sword"},{"type":"single","resource":"slimefun:slimefun/food/rabbit_jerky"},{"type":"single","resource":"bump:foods/fangbianmian"},{"type":"single","resource":"slimefun:slimefun/food/beef_jerky"},{"type":"single","resource":"slimefun:slimefun/miscellaneous/organic_fertilizer/wheat"},{"type":"single","resource":"exotic_garden:plants/essence_copper"},{"type":"single","resource":"slimefun:slimefun/resources/dusts/gold_dust"},{"type":"single","resource":"slimefun:slimefun/magical_gadgets/rainbow_wool"},{"type":"single","resource":"exotic_garden:foods/garlic_cheese_bread"},{"type":"single","resource":"slimefun:slimefun/basic_machines/composter"},{"type":"single","resource":"slimefun:slimefun/magical_armor/soulbound_armor/boots"},{"type":"single","resource":"exotic_garden:plants/ender_essence"},{"type":"single","resource":"exotic_garden:plants/emerald_essence"},{"type":"single","resource":"exotic_garden:misc/mayo"},{"type":"single","resource":"extra_gear:armor/magnesium/magnesium_chestplate"},{"type":"single","resource":"infinityexpansion:materials/materials2/iron_singularity"},{"type":"single","resource":"slimefun:slimefun/magical_items/essence_of_afterlife"},{"type":"single","resource":"slimefun:slimefun/magical_armor/slime_armor_steel/helmet"},{"type":"single","resource":"exotic_garden:foods/blueberry_pancakes"},{"type":"single","resource":"slimefun:slimefun/magical_gadgets/elytra/soulbound_elytra"},{"type":"single","resource":"exotic_garden:foods/fish_sandwich"},{"type":"single","resource":"slimefun:slimefun/miscellaneous/organic_food/seeds"},{"type":"single","resource":"slimefun:slimefun/technical_gadgets/billon_multi_tool"},{"type":"single","resource":"slimefun:slimefun/gui/back"},{"type":"single","resource":"slimefun:slimefun/basic_machines/compressor"},{"type":"single","resource":"exotic_garden:foods/chocolate_chip_muffin"},{"type":"single","resource":"slimefun:slimefun/energy/energized_capacitor"},{"type":"single","resource":"bump:magical_weapons/witherskull_row/witherskull_row_pulling_2"},{"type":"single","resource":"bump:magical_weapons/witherskull_row/witherskull_row_pulling_1"},{"type":"single","resource":"slimefun:slimefun/talisman2/water_breather"},{"type":"single","resource":"slimefun:slimefun/energy/tree_growth_accelerator"},{"type":"single","resource":"exotic_garden:foods/chocolate_cake"},{"type":"single","resource":"infinityexpansion:materials/machine_circuit"},{"type":"single","resource":"slimefun:slimefun/technical_gadgets/night_vision_goggles"},{"type":"single","resource":"slimefun:slimefun/cargo/output2"},{"type":"single","resource":"bump:magical_weapons/witherskull_row/witherskull_row_pulling_0"},{"type":"single","resource":"infinityexpansion:materials/ender_flame"},{"type":"single","resource":"exotic_garden:foods/sweetened_pear_cheesecake"},{"type":"single","resource":"exotic_garden:foods/chicken_sandwich"},{"type":"single","resource":"slimy_tree_taps:materials/raw_plastic"},{"type":"single","resource":"exotic_garden:fruits/plum"},{"type":"single","resource":"slimefun:slimefun/food/pork_jerky"},{"type":"single","resource":"exotic_garden:foods/bacon_cheeseburger"},{"type":"single","resource":"slimefun:slimefun/magical_items/synthetic_shulker"},{"type":"single","resource":"infinityexpansion:materials/magsteel"},{"type":"single","resource":"exotic_garden:plants/essence_lead"},{"type":"single","resource":"infinityexpansion:tools/world_breaker"},{"type":"single","resource":"slimefun:slimefun/basic_machines/enhanced_furnace_10"},{"type":"single","resource":"slimefun:slimefun/basic_machines/enhanced_furnace_11"},{"type":"single","resource":"exotic_garden:plants/redstone_essence"},{"type":"single","resource":"exotic_garden:fruits/tea_leaf_plant"},{"type":"single","resource":"exotic_garden:fruits/dragon_fruit_sappling"},{"type":"single","resource":"exotic_garden:fruits/pomegranate_sapling"},{"type":"single","resource":"exotic_garden:foods/egg_salad"},{"type":"single","resource":"slimefun:slimefun/miscellaneous/organic_fertilizer/potatoes"},{"type":"single","resource":"slimefun:slimefun/technical_components/magnet"},{"type":"single","resource":"exotic_garden:foods/lemon_pie"},{"type":"single","resource":"slimefun:slimefun/talisman2/wise"},{"type":"single","resource":"extra_gear:swords/hardened_sword"},{"type":"single","resource":"slimefun:slimefun/resources/ingots/reinforced_alloy"},{"type":"single","resource":"slimefun:slimefun/magical_items/reinforced_spawner"},{"type":"single","resource":"slimefun:slimefun/miscellaneous/organic_food/seagrass"},{"type":"single","resource":"slimefun:slimefun/weapons/icy_bow/icy_bow"},{"type":"single","resource":"slimefun:slimefun/talisman1/angel"},{"type":"single","resource":"slimefun:slimefun/energy/food_fabricator"},{"type":"single","resource":"infinityexpansion:materials/materials2/coal_singularity"},{"type":"single","resource":"exotic_garden:foods/sandwich"},{"type":"single","resource":"supreme:components/supreme_carriage_machine"},{"type":"single","resource":"slimefun:slimefun/items/backpack_woven"},{"type":"single","resource":"exotic_garden:misc/cornmeal"},{"type":"single","resource":"supreme:components/supreme_rustless_machine"},{"type":"single","resource":"slimefun:slimefun/armor/damascus_armor/boots"},{"type":"single","resource":"bump:magical_items/mecha_gear"},{"type":"single","resource":"slimefun:slimefun/energy/nuclear_reactor"},{"type":"single","resource":"slimefun:slimefun/resources/dusts/aluminum_dust"},{"type":"single","resource":"exotic_garden:plants/plant_silver"},{"type":"single","resource":"slimefun:slimefun/magical_items/rune_blank"},{"type":"single","resource":"slimefun:slimefun/magical_armor/ender_amor/leggings"},{"type":"single","resource":"extra_gear:swords/zinc_sword"},{"type":"single","resource":"slimefun:slimefun/technical_gadgets/duralumin_jetpack"},{"type":"single","resource":"exotic_garden:drinks/grape_smoothie"},{"type":"single","resource":"exotic_garden:foods/jammy_dodger"},{"type":"single","resource":"exotic_garden:drinks/peach_iced_tea"},{"type":"single","resource":"exotic_garden:drinks/raspberry_smoothie"},{"type":"single","resource":"slimefun:slimefun/androids/android/woodcutter"},{"type":"single","resource":"exotic_garden:foods/lasagna"},{"type":"single","resource":"foxymachines:weapons/acri_arcum/acri_arcum"},{"type":"single","resource":"exotic_garden:fruits/sweet_potato"},{"type":"single","resource":"infinityexpansion:materials/materials2/magnesium_singularity"},{"type":"single","resource":"slimefun:slimefun/cargo/enhanced_auto_crafter"},{"type":"single","resource":"extra_gear:swords/bronze_sword"},{"type":"single","resource":"slimefun:slimefun/energy/heated_pressure_chamber2"},{"type":"single","resource":"slimefun:slimefun/weapons/explosive_bow/explosive_bow_pulling_0"},{"type":"single","resource":"slimefun:slimefun/food/fish_jerky"},{"type":"single","resource":"slimefun:slimefun/weapons/explosive_bow/explosive_bow_pulling_1"},{"type":"single","resource":"slimefun:slimefun/weapons/explosive_bow/explosive_bow_pulling_2"},{"type":"single","resource":"slimefun:slimefun/energy/coal_generator"},{"type":"single","resource":"slimefun:slimefun/technical_gadgets/carbonado_jetpack"},{"type":"single","resource":"slimefun:slimefun/technical_components/plastic_sheet"},{"type":"single","resource":"slimefun:slimefun/miscellaneous/organic_fertilizer/cocoa_beans"},{"type":"single","resource":"extra_gear:armor/copper/copper_chestplate"},{"type":"single","resource":"exotic_garden:foods/cowberry_jelly_sandwich"},{"type":"single","resource":"slimefun:slimefun/resources/radioactive_materials/plutonium"},{"type":"single","resource":"infinityexpansion:tools/nature_ruin"},{"type":"single","resource":"supreme:components/supreme_cetrus_ventus"},{"type":"single","resource":"exotic_garden:foods/orange_pie"},{"type":"single","resource":"litexpansion:materials/electronic_circuit"},{"type":"single","resource":"exotic_garden:foods/pomegranate_pie"},{"type":"single","resource":"exotic_garden:fruits/blackberry"},{"type":"single","resource":"slimefun:slimefun/magical_items/broken_spawner"},{"type":"single","resource":"slimefun:slimefun/basic_machines/crucible"},{"type":"single","resource":"exotic_garden:foods/grape_jelly_sandwich"},{"type":"single","resource":"exotic_garden:foods/elderberry_pie"},{"type":"single","resource":"slimefun:slimefun/energy/electrified_crucible"},{"type":"single","resource":"infinityexpansion:materials/materials2/copper_singularity"},{"type":"single","resource":"exotic_garden:fruits/cilantro_plant"},{"type":"single","resource":"bump:foods/latiao"},{"type":"single","resource":"slimefun:slimefun/androids/android3/butcher"},{"type":"single","resource":"exotic_garden:plants/essence_silver"},{"type":"single","resource":"extra_gear:armor/tin/tin_leggings"},{"type":"single","resource":"slimefun:slimefun/androids/android2/miner"},{"type":"single","resource":"slimefun:slimefun/magical_armor/farmer_armor/boots"},{"type":"single","resource":"exotic_garden:plants/plant_lead"},{"type":"single","resource":"infinityexpansion:materials/materials2/gold_singularity"},{"type":"single","resource":"slimefun:slimefun/food/mutton_jerky"},{"type":"single","resource":"slimefun:slimefun/gps/gps_transmitter_energized"},{"type":"single","resource":"slimefun:slimefun/talisman2/0_default"},{"type":"single","resource":"slimefun:slimefun/resources/gold_ingots/gold_ingot_8"},{"type":"single","resource":"slimefun:slimefun/miscellaneous/sifted_ore"},{"type":"single","resource":"slimefun:slimefun/magical_armor/stomper_armor/boots"},{"type":"single","resource":"exotic_garden:drinks/plum_juice"},{"type":"single","resource":"extra_gear:armor/copper/copper_helmet"},{"type":"single","resource":"bump:foods/kele"},{"type":"single","resource":"slimefun:slimefun/food/pumpkin_juice"},{"type":"single","resource":"slimefun:slimefun/resources/gold_ingots/gold_ingot_4"},{"type":"single","resource":"slimefun:slimefun/resources/gold_ingots/gold_ingot_6"},{"type":"single","resource":"slimefun:slimefun/technical_components/basic_board"},{"type":"single","resource":"exotic_garden:foods/cream_cookie"},{"type":"single","resource":"exotic_garden:misc/ice_cube"},{"type":"single","resource":"slimefun:slimefun/talisman1/caveman"},{"type":"single","resource":"slimefun:slimefun/androids/android2/woodcutter"},{"type":"single","resource":"slimefun:slimefun/gps/oil_pump"},{"type":"single","resource":"slimefun:slimefun/miscellaneous/tin_can"},{"type":"single","resource":"slimefun:slimefun/resources/ingots/gilded_iron"},{"type":"single","resource":"infinityexpansion:materials/materials2/single_compressed_cobblestone"},{"type":"single","resource":"exotic_garden:foods/sweet_berry_pancakes"},{"type":"single","resource":"slimefun:slimefun/basic_machines/ore_washer"},{"type":"single","resource":"exotic_garden:drinks/grape_juice"},{"type":"single","resource":"slimefun:slimefun/androids/android3/miner"},{"type":"single","resource":"slimefun:slimefun/technical_components/wither_proof_glass"},{"type":"single","resource":"slimefun:slimefun/talisman1/wizard"},{"type":"single","resource":"slimefun:slimefun/magical_armor/soulbound_armor/chestplate"},{"type":"single","resource":"exotic_garden:drinks/pomegranate_juice"},{"type":"single","resource":"slimefun:slimefun/energy/magnesium_generator"},{"type":"single","resource":"slimefun:slimefun/talisman2/magican"},{"type":"single","resource":"exotic_garden:fruits/pineapple"},{"type":"single","resource":"exotic_garden:foods/popcorn_salty"},{"type":"single","resource":"extra_gear:swords/aluminum_brass_sword"},{"type":"single","resource":"slimefun:slimefun/resources/ingots/steel_ingot"},{"type":"single","resource":"extra_gear:armor/tin/tin_boots"},{"type":"single","resource":"extra_gear:swords/nickel_sword"},{"type":"single","resource":"slimefun:slimefun/basic_machines/makeshift_smeltery"},{"type":"single","resource":"slimefun:slimefun/items/portable_craftingtabble"},{"type":"single","resource":"slimefun:slimefun/food/diet_cookie"},{"type":"single","resource":"extra_gear:armor/zinc/zinc_chestplate"},{"type":"single","resource":"slimefun:slimefun/magical_items/rune_villagers"},{"type":"single","resource":"extra_gear:swords/lead_sword"},{"type":"single","resource":"litexpansion:tools/nano_blade"},{"type":"single","resource":"slimefun:slimefun/miscellaneous/wheat_flour"},{"type":"single","resource":"infinityexpansion:machines/infinity_capacitor"},{"type":"single","resource":"extra_gear:armor/aluminum/aluminum_leggings"},{"type":"single","resource":"bump:foods/xuebi"},{"type":"single","resource":"slimefun:slimefun/tools/hercules_pickaxe"},{"type":"single","resource":"slimefun:slimefun/basic_machines/ore_crusher"},{"type":"single","resource":"exotic_garden:foods/garlic_bread"},{"type":"single","resource":"exotic_garden:foods/club_sandwich"},{"type":"single","resource":"exotic_garden:foods/pavlova"},{"type":"single","resource":"extra_gear:armor/magnesium/magnesium_helmet"},{"type":"single","resource":"exotic_garden:foods/blueberry_jelly_sandwich"},{"type":"single","resource":"exotic_garden:fruits/coconut"},{"type":"single","resource":"exotic_garden:foods/shepards_pie"},{"type":"single","resource":"exotic_garden:misc/crook"},{"type":"single","resource":"slimefun:slimefun/armor/gilded_iron_armor/leggings"},{"type":"single","resource":"slimefun:slimefun/tools/soulbound_axe"},{"type":"single","resource":"exotic_garden:foods/raspberry_pie"},{"type":"single","resource":"fluffymachines:diamond_paxel"},{"type":"single","resource":"supreme:armor/chestplate/supreme_supreme_chestplate"},{"type":"single","resource":"supreme:components/supreme_inductor_machine"},{"type":"single","resource":"supreme:weapons/supreme_sword"},{"type":"single","resource":"exotic_garden:foods/chicken_curry"},{"type":"single","resource":"extra_gear:armor/silver/silver_helmet"},{"type":"single","resource":"slimefun:slimefun/talisman1/miner"},{"type":"single","resource":"slimefun:slimefun/armor/damascus_armor/leggings"},{"type":"single","resource":"slimefun:slimefun/energy/wither_assembler"},{"type":"single","resource":"extra_gear:swords/corinthian_bronze_sword"},{"type":"single","resource":"extra_gear:armor/copper/copper_boots"},{"type":"single","resource":"infinityexpansion:materials/materials2/double_compressed_cobblestone"},{"type":"single","resource":"slimefun:slimefun/energy/electric_ore_grinder"},{"type":"single","resource":"supreme:weapons/supreme_pickaxe"},{"type":"single","resource":"exotic_garden:plants/plant_copper"},{"type":"single","resource":"exotic_garden:foods/boston_cream_pie"},{"type":"single","resource":"slimefun:slimefun/armor/gilded_iron_armor/boots"},{"type":"single","resource":"exotic_garden:drinks/pineapple_smoothie"},{"type":"single","resource":"bump:magical_weapons/devil_sword"},{"type":"single","resource":"slimefun:slimefun/tools/nether_gold_pan"},{"type":"single","resource":"slimefun:slimefun/weapons/explosive_bow/explosive_bow"},{"type":"single","resource":"supreme:components/supreme_stainless_machine"},{"type":"single","resource":"slimefun:slimefun/food/fortune_cookie"},{"type":"single","resource":"slimefun:slimefun/magical_gadgets/backpack_ender"},{"type":"single","resource":"extra_gear:armor/zinc/zinc_boots"},{"type":"single","resource":"slimefun:slimefun/energy/combustion_reactor"},{"type":"single","resource":"slimefun:slimefun/energy/charging_bench"},{"type":"single","resource":"exotic_garden:misc/mustard"},{"type":"single","resource":"slimefun:slimefun/magical_gadgets/elytra/infused_elytra"},{"type":"single","resource":"slimefun:slimefun/androids/android2/fisherman"},{"type":"single","resource":"slimefun:slimefun/talisman2/warrior"},{"type":"single","resource":"exotic_garden:fruits/cowberry"},{"type":"single","resource":"infinityexpansion:materials/materials2/emerald_singularity"},{"type":"single","resource":"slimefun:slimefun/technical_gadgets/hologram_projector"},{"type":"single","resource":"exotic_garden:fruits/raspberry_bush"},{"type":"single","resource":"exotic_garden:foods/chocolate_bar"},{"type":"single","resource":"exotic_garden:foods/cherry_cheesecake"},{"type":"single","resource":"supreme:components/supreme_attribute_magic"},{"type":"single","resource":"slimefun:slimefun/talisman1/farmer"},{"type":"single","resource":"exotic_garden:plants/essence_tin"},{"type":"single","resource":"bump:magical_items/peach_wood"},{"type":"single","resource":"slimefun:slimefun/miscellaneous/organic_fertilizer/sweet_berries"},{"type":"single","resource":"bump:armors/random_helmet"},{"type":"single","resource":"supreme:components/supreme_supreme"},{"type":"single","resource":"slimefun:slimefun/technical_components/advanced_board"},{"type":"single","resource":"exotic_garden:drinks/tomato_juice"},{"type":"single","resource":"slimefun:slimefun/food/golden_apple_juice"},{"type":"single","resource":"infinityexpansion:materials/materials2/tin_singularity"},{"type":"single","resource":"slimefun:slimefun/resources/valuables/carbon"},{"type":"single","resource":"slimefun:slimefun/items/backpack_radiant"},{"type":"single","resource":"slimefun:slimefun/magical_items/rune_ender"},{"type":"single","resource":"exotic_garden:foods/blueberry_cheesecake"},{"type":"single","resource":"exotic_garden:fruits/cabbage"},{"type":"single","resource":"exotic_garden:drinks/blueberry_smoothie"},{"type":"single","resource":"exotic_garden:drinks/cowberry_juice"},{"type":"single","resource":"extra_gear:armor/silver/silver_boots"},{"type":"single","resource":"supreme:weapons/supreme_shovel"},{"type":"single","resource":"slimefun:slimefun/food/chicken_jerky"},{"type":"single","resource":"slimefun:slimefun/resources/ingots/damascus_steel_ingot"},{"type":"single","resource":"slimefun:slimefun/miscellaneous/small_chunk_of_uranium"},{"type":"single","resource":"bump:machines/appraisal"},{"type":"single","resource":"slimefun:slimefun/weapons/icy_bow/icy_bow_pulling_2"},{"type":"single","resource":"slimefun:slimefun/weapons/icy_bow/icy_bow_pulling_1"},{"type":"single","resource":"litexpansion:materials/mag-thor"},{"type":"single","resource":"infinityexpansion:materials/materials2/quadruple_compressed_cobblestone"},{"type":"single","resource":"slimefun:slimefun/magical_items/ender_lump3"},{"type":"single","resource":"slimefun:slimefun/magical_items/ender_lump2"},{"type":"single","resource":"slimefun:slimefun/basic_machines/juicer"},{"type":"single","resource":"slimefun:slimefun/resources/ingots/corinthian_bronze_ingot"},{"type":"single","resource":"slimefun:slimefun/energy/medium_energy_capacitor"},{"type":"single","resource":"slimefun:slimefun/weapons/icy_bow/icy_bow_pulling_0"},{"type":"single","resource":"slimefun:slimefun/gui/slimefun_guide"},{"type":"single","resource":"slimefun:slimefun/talisman2/firefighter"},{"type":"single","resource":"slimefun:slimefun/magical_armor/ender_amor/chestplate"},{"type":"single","resource":"exotic_garden:foods/strawberry_jelly_sandwich"},{"type":"single","resource":"slimefun:slimefun/gps/gps_transmitter_carbonado"},{"type":"single","resource":"slimefun:slimefun/magical_items/necrotic_skull"},{"type":"single","resource":"bump:magical_weapons/soul_sword"},{"type":"single","resource":"extra_gear:armor/cobalt/cobalt_chestplate"},{"type":"single","resource":"exotic_garden:drinks/wine"},{"type":"single","resource":"exotic_garden:plants/ender_plant"},{"type":"single","resource":"slimefun:slimefun/magical_gadgets/rainbow_glazed_terracotta"},{"type":"single","resource":"slimefun:slimefun/resources/gold_ingots/gold_ingot_18"},{"type":"single","resource":"slimefun:slimefun/resources/gold_ingots/gold_ingot_16"},{"type":"single","resource":"slimefun:slimefun/technical_gadgets/armored_jetboots"},{"type":"single","resource":"slimefun:slimefun/gps/elevator_plate"},{"type":"single","resource":"slimefun:slimefun/resources/gold_ingots/gold_ingot_14"},{"type":"single","resource":"slimefun:slimefun/resources/gold_ingots/gold_ingot_12"},{"type":"single","resource":"slimefun:slimefun/androids/android2/butcher"},{"type":"single","resource":"slimefun:slimefun/resources/gold_ingots/gold_ingot_10"},{"type":"single","resource":"infinityexpansion:materials/materials2/triple_compressed_cobblestone"},{"type":"single","resource":"slimefun:slimefun/talisman2/whirlwind"},{"type":"single","resource":"slimefun:slimefun/magical_gadgets/infused_hopper"},{"type":"single","resource":"exotic_garden:drinks/cowberry_smoothie"},{"type":"single","resource":"extra_gear:swords/magnesium_sword"},{"type":"single","resource":"slimefun:slimefun/miscellaneous/cloth"},{"type":"single","resource":"slimefun:slimefun/energy/electric_ingot_factory3"},{"type":"single","resource":"slimefun:slimefun/energy/electric_ingot_factory2"},{"type":"single","resource":"slimefun:slimefun/cargo/armor_auto_crafter"},{"type":"single","resource":"exotic_garden:foods/potato_salad"},{"type":"single","resource":"slimefun:slimefun/energy/refinery"},{"type":"single","resource":"slimefun:slimefun/miscellaneous/tiny_pile_of_uranium"},{"type":"single","resource":"slimefun:slimefun/miscellaneous/organic_food/wheat"},{"type":"single","resource":"slimefun:slimefun/magical_gadgets/rainbow_concrete"},{"type":"single","resource":"exotic_garden:foods/hot_dog_bacon_wrapped_cheese_filled"},{"type":"single","resource":"slimefun:slimefun/miscellaneous/pure_ore_cluster"},{"type":"single","resource":"bump:magical_weapons/light_bow/light_bow_pulling_0"},{"type":"single","resource":"exotic_garden:foods/chicken_burrito"},{"type":"single","resource":"slimefun:slimefun/energy/electric_gold_pan3"},{"type":"single","resource":"slimefun:slimefun/basic_machines/advanced_industrial_miner"},{"type":"single","resource":"exotic_garden:fruits/corn"},{"type":"single","resource":"slimefun:slimefun/magical_gadgets/fire_staff"},{"type":"single","resource":"slimefun:slimefun/energy/electric_gold_pan2"},{"type":"single","resource":"bump:magical_weapons/light_bow/light_bow_pulling_2"},{"type":"single","resource":"slimefun:slimefun/armor/damascus_armor/helmet"},{"type":"single","resource":"bump:magical_weapons/light_bow/light_bow_pulling_1"},{"type":"single","resource":"exotic_garden:drinks/hot_chocolate"},{"type":"single","resource":"slimefun:slimefun/magical_items/ancient_pedestal"},{"type":"single","resource":"exotic_garden:foods/grilled_sandwich"},{"type":"single","resource":"slimefun:slimefun/tools/smelter_pickaxe"},{"type":"single","resource":"slimefun:slimefun/food/monster_jerky"},{"type":"single","resource":"extra_gear:armor/tin/tin_chestplate"},{"type":"single","resource":"exotic_garden:drinks/lime_smoothie"},{"type":"single","resource":"slimefun:slimefun/androids/interface_items"},{"type":"single","resource":"slimefun:slimefun/magical_armor/soulbound_armor/helmet"},{"type":"single","resource":"supreme:components/supreme_cetrus_aqua"},{"type":"single","resource":"exotic_garden:plants/lapis_essence"},{"type":"single","resource":"exotic_garden:drinks/strawberry_juice"},{"type":"single","resource":"exotic_garden:fruits/lime"},{"type":"single","resource":"exotic_garden:plants/gold_essence"},{"type":"single","resource":"exotic_garden:plants/iron_essence"},{"type":"single","resource":"exotic_garden:fruits/mustard_seed"},{"type":"single","resource":"bump:foods/kouxiangtang"},{"type":"single","resource":"slimefun:slimefun/technical_components/reinforced_cloth"},{"type":"single","resource":"exotic_garden:foods/hot_dog"},{"type":"single","resource":"slimefun:slimefun/miscellaneous/pulverized_ore"},{"type":"single","resource":"exotic_garden:drinks/pineapple_juice"},{"type":"single","resource":"slimefun:slimefun/miscellaneous/chain"},{"type":"single","resource":"slimefun:slimefun/tools/soulbound_hoe"},{"type":"single","resource":"exotic_garden:fruits/plum_sapling"},{"type":"single","resource":"slimefun:slimefun/resources/dusts/copper_dust"},{"type":"single","resource":"exotic_garden:foods/dragon_fruit_pie"},{"type":"single","resource":"supreme:components/supreme_core_of_color"},{"type":"single","resource":"slimefun:slimefun/technical_gadgets/steel_jetpack"},{"type":"single","resource":"exotic_garden:fruits/tea_leaf"},{"type":"single","resource":"slimefun:slimefun/androids/android/fisherman"},{"type":"single","resource":"slimefun:slimefun/basic_machines/industrial_miner"},{"type":"single","resource":"slimefun:slimefun/tools/cobalt_pickaxe"},{"type":"single","resource":"exotic_garden:foods/chocolate_strawberry"},{"type":"single","resource":"slimefun:slimefun/energy/big_energy_capacitor"},{"type":"single","resource":"supreme:components/supreme_inductive_machine"},{"type":"single","resource":"exotic_garden:foods/corn_on_the_cob"},{"type":"single","resource":"slimefun:slimefun/resources/ingots/aluminum_ingot"},{"type":"single","resource":"extra_gear:armor/lead/lead_leggings"},{"type":"single","resource":"infinityexpansion:tools/sky_piercer/sky_piercer_pulling0"},{"type":"single","resource":"infinityexpansion:tools/sky_piercer/sky_piercer_pulling1"},{"type":"single","resource":"infinityexpansion:tools/sky_piercer/sky_piercer_pulling2"},{"type":"single","resource":"slimefun:slimefun/armor/cactus_armor/helmet"},{"type":"single","resource":"slimefun:slimefun/cargo/trash"},{"type":"single","resource":"extra_gear:armor/steel/steel_leggings"},{"type":"single","resource":"slimefun:slimefun/energy/electric_furnace2"},{"type":"single","resource":"extra_gear:armor/steel/steel_boots"},{"type":"single","resource":"slimefun:slimefun/energy/electric_furnace3"},{"type":"single","resource":"slimefun:slimefun/magical_items/rune_enchantment"},{"type":"single","resource":"slimefun:slimefun/resources/dusts/tin_dust"},{"type":"single","resource":"slimefun:slimefun/tools/explosive_shovel"},{"type":"single","resource":"exotic_garden:foods/tomato_soup"},{"type":"single","resource":"slimefun:slimefun/magical_gadgets/ancient_altar"},{"type":"single","resource":"slimefun:slimefun/technical_gadgets/reinforced_alloy_jetpack"},{"type":"single","resource":"bump:magical_items/ksf_stuff"},{"type":"single","resource":"slimefun:slimefun/basic_machines/enhanced_furnace_2"},{"type":"single","resource":"supreme:components/supreme_cetrus_lumium"},{"type":"single","resource":"slimefun:slimefun/basic_machines/enhanced_furnace_1"},{"type":"single","resource":"slimefun:slimefun/weapons/soulbound_bow/soulbound_bow_pulling_0"},{"type":"single","resource":"exotic_garden:foods/taco"},{"type":"single","resource":"slimefun:slimefun/gui/search"},{"type":"single","resource":"litexpansion:materials/iridium_plate"},{"type":"single","resource":"slimefun:slimefun/miscellaneous/organic_food/dried_kelp"},{"type":"single","resource":"litexpansion:materials/raw_carbon_mesh"},{"type":"single","resource":"exotic_garden:drinks/raspberry_juice"},{"type":"single","resource":"infinityexpansion:materials/materials2/silver_singularity"},{"type":"single","resource":"extra_gear:swords/ferrosilicon_sword"},{"type":"single","resource":"slimefun:slimefun/magical_armor/ender_amor/helmet"},{"type":"single","resource":"exotic_garden:foods/lime_pie"},{"type":"single","resource":"slimefun:slimefun/technical_components/android_memory_core"},{"type":"single","resource":"litexpansion:materials/scrap"},{"type":"single","resource":"slimefun:slimefun/resources/valuables/synthetic_sapphire"},{"type":"single","resource":"slimefun:slimefun/energy/electric_press"},{"type":"single","resource":"slimefun:slimefun/resources/ingots/ferrosilicon"},{"type":"single","resource":"exotic_garden:fruits/blackberry_bush"},{"type":"single","resource":"slimefun:slimefun/technical_components/battery"},{"type":"single","resource":"slimefun:slimefun/magical_armor/slime_armor_steel/boots"},{"type":"single","resource":"slimefun:slimefun/basic_machines/enhanced_furnace_8"},{"type":"single","resource":"bump:magical_weapons/sky_devil_sword"},{"type":"single","resource":"slimefun:slimefun/basic_machines/enhanced_furnace_7"},{"type":"single","resource":"slimefun:slimefun/basic_machines/enhanced_furnace_9"},{"type":"single","resource":"slimefun:slimefun/basic_machines/output_chest"},{"type":"single","resource":"slimefun:slimefun/basic_machines/enhanced_furnace_4"},{"type":"single","resource":"slimefun:slimefun/weapons/seismic_axe"},{"type":"single","resource":"slimefun:slimefun/weapons/soulbound_bow/soulbound_bow_pulling_1"},{"type":"single","resource":"slimefun:slimefun/basic_machines/enhanced_furnace_3"},{"type":"single","resource":"slimefun:slimefun/weapons/soulbound_bow/soulbound_bow_pulling_2"},{"type":"single","resource":"slimefun:slimefun/magical_items/ender_lump"},{"type":"single","resource":"slimefun:slimefun/basic_machines/enhanced_furnace_6"},{"type":"single","resource":"slimefun:slimefun/basic_machines/enhanced_furnace_5"},{"type":"single","resource":"exotic_garden:plants/gold_plant"},{"type":"single","resource":"exotic_garden:fruits/grape_bush"},{"type":"single","resource":"exotic_garden:foods/fries"},{"type":"single","resource":"infinityexpansion:armor/infinity_chestplate"},{"type":"single","resource":"slimefun:slimefun/miscellaneous/organic_fertilizer/seagrass"},{"type":"single","resource":"slimefun:slimefun/energy/electric_ore_grinder3"},{"type":"single","resource":"supreme:components/supreme_blend_machine"},{"type":"single","resource":"slimefun:slimefun/miscellaneous/organic_fertilizer/none"},{"type":"single","resource":"slimefun:slimefun/energy/electric_ore_grinder2"},{"type":"single","resource":"slimefun:slimefun/magical_armor/glowstone_armor/chestplate"},{"type":"single","resource":"exotic_garden:fruits/strawberry"},{"type":"single","resource":"exotic_garden:fruits/lettuce_plant"},{"type":"single","resource":"exotic_garden:fruits/pear_sapling"},{"type":"single","resource":"litexpansion:materials/uninsulated_copper_cable"},{"type":"single","resource":"extra_gear:swords/silver_sword"},{"type":"single","resource":"slimefun:slimefun/basic_machines/table_saw"},{"type":"single","resource":"exotic_garden:drinks/peach_juice"},{"type":"single","resource":"slimefun:slimefun/resources/ingots/cobalt_ingot"},{"type":"single","resource":"slimefun:slimefun/basic_machines/magic_workbench"},{"type":"single","resource":"slimefun:slimefun/technical_components/electromagnet"},{"type":"single","resource":"extra_gear:armor/aluminum/aluminum_helmet"},{"type":"single","resource":"slimefun:slimefun/miscellaneous/organic_fertilizer/seeds"},{"type":"single","resource":"slimefun:slimefun/armor/hazmat_suit/helmet"},{"type":"single","resource":"exotic_garden:drinks/dragon_fruit_juice"},{"type":"single","resource":"slimy_tree_taps:treetap/tree_tap"},{"type":"single","resource":"extra_gear:swords/billon_sword"},{"type":"single","resource":"slimefun:slimefun/weapons/sword_of_beheading"},{"type":"single","resource":"slimefun:slimefun/technical_gadgets/parachute"},{"type":"single","resource":"exotic_garden:fruits/curry_leaf"},{"type":"single","resource":"slimefun:slimefun/items/rag"},{"type":"single","resource":"slimefun:slimefun/magical_items/rune_lightning"},{"type":"single","resource":"slimefun:slimefun/resources/valuables/silicon"},{"type":"single","resource":"slimefun:slimefun/weapons/grandpas_walking_stick"},{"type":"single","resource":"infinityexpansion:materials/materials2/infinity_singularity"},{"type":"single","resource":"slimefun:slimefun/items/backpack_large"},{"type":"single","resource":"slimefun:slimefun/resources/valuables/enriched_nether_ice"},{"type":"single","resource":"slimy_tree_taps:materials/amber"},{"type":"single","resource":"exotic_garden:fruits/grass_seeds"},{"type":"single","resource":"slimefun:slimefun/technical_gadgets/solder_jetpack"},{"type":"single","resource":"exotic_garden:drinks/blueberry_juice"},{"type":"single","resource":"slimefun:slimefun/gui/previous_off"},{"type":"single","resource":"exotic_garden:plants/diamond_plant"},{"type":"single","resource":"slimefun:slimefun/miscellaneous/organic_fertilizer/beetroot"},{"type":"single","resource":"slimefun:slimefun/energy/auto_disenchanter_2"},{"type":"single","resource":"slimefun:slimefun/armor/reinforced_armor/leggings"},{"type":"single","resource":"exotic_garden:fruits/onion_plant"},{"type":"single","resource":"exotic_garden:fruits/lime_sapling"},{"type":"single","resource":"supreme:components/supreme_petrifier_machine"},{"type":"single","resource":"slimefun:slimefun/basic_machines/enchanced_crafting_table"},{"type":"single","resource":"exotic_garden:foods/bagel"},{"type":"single","resource":"infinityexpansion:armor/infinity_leggings"},{"type":"single","resource":"infinityexpansion:tools/mountain_eater"},{"type":"single","resource":"bump:magical_items/make"},{"type":"single","resource":"litexpansion:materials/coal_dust"},{"type":"single","resource":"slimefun:slimefun/miscellaneous/salt"},{"type":"single","resource":"exotic_garden:foods/leafy_fish_sandwich"},{"type":"single","resource":"exotic_garden:plants/lapis_plant"},{"type":"single","resource":"slimefun:slimefun/technical_components/electric_motor"},{"type":"single","resource":"slimefun:slimefun/miscellaneous/organic_fertilizer/carrots"},{"type":"single","resource":"supreme:components/supreme_core_of_nature"},{"type":"single","resource":"infinityexpansion:materials/infinity_matrix"},{"type":"single","resource":"exotic_garden:foods/cherry_pie"},{"type":"single","resource":"slimefun:slimefun/resources/radioactive_materials/blistering_ingot_66"},{"type":"single","resource":"extra_gear:armor/lead/lead_boots"},{"type":"single","resource":"slimefun:slimefun/armor/reinforced_armor/chestplate"},{"type":"single","resource":"bump:magical_items/old_coin"},{"type":"single","resource":"infinityexpansion:armor/infinity_crown"},{"type":"single","resource":"slimefun:slimefun/androids/android2/normal"},{"type":"single","resource":"slimefun:slimefun/resources/radioactive_materials/blistering_ingot_33"},{"type":"single","resource":"slimefun:slimefun/miscellaneous/organic_food/cocoa_beans"},{"type":"single","resource":"slimefun:slimefun/technical_components/copper_wire"},{"type":"single","resource":"exotic_garden:foods/blackberry_pie"},{"type":"single","resource":"exotic_garden:drinks/lemonade"},{"type":"single","resource":"slimefun:slimefun/resources/valuables/sulfate"},{"type":"single","resource":"exotic_garden:drinks/cranberry_smoothie"},{"type":"single","resource":"exotic_garden:foods/cranberry_pie"},{"type":"single","resource":"extra_gear:armor/magnesium/magnesium_leggings"},{"type":"single","resource":"slimefun:slimefun/resources/valuables/nether_ice"},{"type":"single","resource":"slimefun:slimefun/energy/electric_press2"},{"type":"single","resource":"slimefun:slimefun/magical_gadgets/infernal_bonemeal"},{"type":"single","resource":"exotic_garden:foods/hamburger"},{"type":"single","resource":"extra_gear:armor/steel/steel_helmet"},{"type":"single","resource":"slimefun:slimefun/technical_gadgets/solar_helmet"},{"type":"single","resource":"exotic_garden:foods/tiramisu_with_blackberries"},{"type":"single","resource":"slimefun:slimefun/gps/teleporter_pylon"},{"type":"single","resource":"slimefun:slimefun/gui/next_on"},{"type":"single","resource":"slimefun:slimefun/talisman1/whirlwind"},{"type":"single","resource":"exotic_garden:foods/tiramisu_with_strawberries"},{"type":"single","resource":"slimefun:slimefun/cargo/motor"},{"type":"single","resource":"bump:tools/getgold_spade"},{"type":"single","resource":"slimefun:slimefun/items/portable_dustbin"},{"type":"single","resource":"infinityexpansion:materials/magic_singularity"},{"type":"single","resource":"exotic_garden:foods/coconut_chicken_curry"},{"type":"single","resource":"infinityexpansion:materials/void_ingot"},{"type":"single","resource":"slimefun:slimefun/technical_components/heating_coil"},{"type":"single","resource":"bump:magical_items/cpu"},{"type":"single","resource":"extra_gear:swords/gilded_iron_sword"},{"type":"single","resource":"exotic_garden:drinks/elderberry_smoothie"},{"type":"single","resource":"bump:magical_weapons/peach_sword"},{"type":"single","resource":"slimefun:slimefun/magical_gadgets/rainbow_clay"},{"type":"single","resource":"slimefun:slimefun/magical_items/rune_soulbound"},{"type":"single","resource":"slimefun:slimefun/magical_items/magical_book_cover"},{"type":"single","resource":"slimefun:slimefun/miscellaneous/organic_food/apple"},{"type":"single","resource":"slimefun:slimefun/magical_gadgets/rainbow_glass_pane"},{"type":"single","resource":"exotic_garden:drinks/blackberry_smoothie"},{"type":"single","resource":"extra_gear:swords/duralumin_sword"},{"type":"single","resource":"slimefun:slimefun/cargo/reactor_access_port"},{"type":"single","resource":"litexpansion:materials/uu_matter"},{"type":"single","resource":"extra_gear:armor/magnesium/magnesium_boots"},{"type":"single","resource":"foxymachines:weapons/elucidator"},{"type":"single","resource":"fluffymachines:watering_can"},{"type":"single","resource":"litexpansion:materials/copper_cable"},{"type":"single","resource":"slimefun:slimefun/resources/ingots/bronze_ingot"},{"type":"single","resource":"slimefun:slimefun/resources/ingots/magnesium_ingot"},{"type":"single","resource":"slimefun:slimefun/talisman1/hunter"},{"type":"single","resource":"slimefun:slimefun/food/kelp_cookie"},{"type":"single","resource":"slimefun:slimefun/armor/cactus_armor/boots"},{"type":"single","resource":"slimefun:slimefun/magical_gadgets/rainbow_glass"},{"type":"single","resource":"slimefun:slimefun/miscellaneous/heavy_cream"},{"type":"single","resource":"bump:magical_weapons/random_sword"},{"type":"single","resource":"exotic_garden:fruits/cilantro"},{"type":"single","resource":"slimefun:slimefun/miscellaneous/organic_food/sweet_berries"},{"type":"single","resource":"slimefun:slimefun/tools/grappling_hook"},{"type":"single","resource":"litexpansion:materials/advanced_circuit"},{"type":"single","resource":"slimefun:slimefun/magical_gadgets/knowledge_tome"},{"type":"single","resource":"extra_gear:swords/tin_sword"},{"type":"single","resource":"infinityexpansion:materials/metal_singularity"},{"type":"single","resource":"slimefun:slimefun/energy/automated_crafting_chamber"},{"type":"single","resource":"exotic_garden:fruits/pomegranate"},{"type":"single","resource":"extra_gear:armor/tin/tin_helmet"},{"type":"single","resource":"slimefun:slimefun/talisman2/caveman"},{"type":"single","resource":"slimefun:slimefun/magical_items/rune_rainbow"},{"type":"single","resource":"supreme:weapons/supreme_hoe"},{"type":"single","resource":"slimefun:slimefun/energy/lava_generator"},{"type":"single","resource":"slimefun:slimefun/armor/reinforced_armor/boots"},{"type":"single","resource":"exotic_garden:foods/tiramisu"},{"type":"single","resource":"supreme:armor/leggings/supreme_supreme_leggings"},{"type":"single","resource":"infinityexpansion:materials/materials2/netherite_singularity"},{"type":"single","resource":"slimefun:slimefun/gui/pane_gray"},{"type":"single","resource":"slimefun:slimefun/miscellaneous/hook"},{"type":"single","resource":"supreme:components/supreme_core_of_life"},{"type":"single","resource":"extra_gear:armor/cobalt/cobalt_helmet"},{"type":"single","resource":"slimefun:slimefun/talisman1/traveller"},{"type":"single","resource":"slimefun:slimefun/resources/ingots/copper_ingot"},{"type":"single","resource":"exotic_garden:foods/pear_pie"},{"type":"single","resource":"slimefun:slimefun/resources/dusts/iron_dust"},{"type":"single","resource":"slimefun:slimefun/technical_components/multimeter"},{"type":"single","resource":"slimefun:slimefun/resources/valuables/magnesium_salt"},{"type":"single","resource":"bump:magical_items/soul_paper"},{"type":"single","resource":"slimefun:slimefun/energy/crop_growth_accelerator"},{"type":"single","resource":"slimefun:slimefun/gps/gps_marker"},{"type":"single","resource":"extra_gear:swords/brass_sword"},{"type":"single","resource":"exotic_garden:foods/bacon_burger"},{"type":"single","resource":"slimefun:slimefun/cargo/output"},{"type":"single","resource":"slimefun:slimefun/androids/android/normal"},{"type":"single","resource":"slimefun:slimefun/magical_armor/slime_armor_steel/leggings"},{"type":"single","resource":"exotic_garden:foods/chickenburger"},{"type":"single","resource":"slimefun:slimefun/magical_gadgets/water_staff"},{"type":"single","resource":"slimefun:slimefun/magical_armor/slime_armor_steel/chestplate"},{"type":"single","resource":"slimefun:slimefun/cargo/connector"},{"type":"single","resource":"exotic_garden:plants/quartz_essence"},{"type":"single","resource":"slimefun:slimefun/armor/hazmat_suit/boots"},{"type":"single","resource":"slimefun:slimefun/resources/ingots/hardened_metal"},{"type":"single","resource":"slimefun:slimefun/energy/electric_gold_pan"},{"type":"single","resource":"slimefun:slimefun/magical_items/magical_lump"},{"type":"single","resource":"exotic_garden:plants/coal_plant"},{"type":"single","resource":"infinityexpansion:materials/materials2/lead_singularity"},{"type":"single","resource":"infinityexpansion:armor/infinity_boots"},{"type":"single","resource":"slimefun:slimefun/basic_machines/automated_panning_machine"},{"type":"single","resource":"slimefun:slimefun/miscellaneous/organic_fertilizer/melon"},{"type":"single","resource":"slimefun:slimefun/resources/ingots/aluminum_bronze_ingot"},{"type":"single","resource":"slimefun:slimefun/androids/android/farmer"},{"type":"single","resource":"exotic_garden:drinks/lemon_ice_tea"},{"type":"single","resource":"extra_gear:armor/lead/lead_helmet"},{"type":"single","resource":"exotic_garden:fruits/apple_oak_sapling"},{"type":"single","resource":"infinityexpansion:materials/materials2/lapis_singularity"},{"type":"single","resource":"slimefun:slimefun/cargo/input"},{"type":"single","resource":"exotic_garden:foods/apple_pear_cake"},{"type":"single","resource":"slimefun:slimefun/talisman2/knight"},{"type":"single","resource":"slimefun:slimefun/basic_machines/block_placer"},{"type":"single","resource":"exotic_garden:fruits/mustard_seed_plant"},{"type":"single","resource":"slimefun:slimefun/miscellaneous/butter"},{"type":"single","resource":"exotic_garden:foods/biscuit"},{"type":"single","resource":"exotic_garden:plants/quartz_plant"},{"type":"single","resource":"slimefun:slimefun/weapons/soulbound_trident"},{"type":"single","resource":"slimefun:slimefun/resources/ingots/solder_ingot"},{"type":"single","resource":"slimefun:slimefun/technical_components/nether_ice_coolant_cell"},{"type":"single","resource":"slimefun:slimefun/androids/android3/farmer"},{"type":"single","resource":"bump:magical_weapons/bone_sword"},{"type":"single","resource":"slimefun:slimefun/resources/valuables/carbonado"},{"type":"single","resource":"slimefun:slimefun/resources/dusts/silver_dust"},{"type":"single","resource":"exotic_garden:drinks/strawberry_smoothie"},{"type":"single","resource":"infinityexpansion:materials/earth_singularity"},{"type":"single","resource":"exotic_garden:foods/plum_pie"},{"type":"single","resource":"exotic_garden:fruits/black_pepper"},{"type":"single","resource":"exotic_garden:foods/ice_cream"},{"type":"single","resource":"slimefun:slimefun/resources/valuables/carbon_chunk"},{"type":"single","resource":"slimefun:slimefun/energy/energy_connector"},{"type":"single","resource":"slimefun:slimefun/resources/ingots/nickel_ingot"},{"type":"single","resource":"bump:magical_weapons/witherskull_row/witherskull_row"},{"type":"single","resource":"slimefun:slimefun/weapons/blade_of_vampires"},{"type":"single","resource":"exotic_garden:fruits/corn_plant"},{"type":"single","resource":"infinityexpansion:materials/mythril"},{"type":"single","resource":"exotic_garden:drinks/pinacolada"},{"type":"single","resource":"exotic_garden:foods/chicken_cheeseburger"},{"type":"single","resource":"slimefun:slimefun/technical_gadgets/steel_multi_tool"},{"type":"single","resource":"slimefun:slimefun/items/backpack_small"},{"type":"single","resource":"slimefun:slimefun/talisman1/lava_walker"},{"type":"single","resource":"slimefun:slimefun/talisman2/farmer"},{"type":"single","resource":"slimefun:slimefun/talisman2/lava_walker"},{"type":"single","resource":"slimefun:slimefun/energy/auto_disenchanter"},{"type":"single","resource":"slimefun:slimefun/magical_armor/soulbound_armor/leggings"},{"type":"single","resource":"slimefun:slimefun/gps/gps_activation_device_shared"},{"type":"single","resource":"litexpansion:materials/thorium"},{"type":"single","resource":"slimefun:slimefun/gps/teleporter_matrix"},{"type":"single","resource":"slimefun:slimefun/magical_items/rune_fire"},{"type":"single","resource":"exotic_garden:foods/hot_dog_bbq_double_bacon_wrapped_in_a_tortilla_with_cheese"},{"type":"single","resource":"exotic_garden:plants/slime_essence"},{"type":"single","resource":"extra_gear:armor/cobalt/cobalt_leggings"},{"type":"single","resource":"slimefun:slimefun/technical_components/solar_panel"},{"type":"single","resource":"slimefun:slimefun/basic_machines/armor_forge"},{"type":"single","resource":"slimefun:slimefun/androids/android3/fisherman"},{"type":"single","resource":"exotic_garden:fruits/coconut_sapling"},{"type":"single","resource":"extra_gear:swords/aluminum_sword"},{"type":"single","resource":"slimefun:slimefun/tools/pickaxe_of_containment"},{"type":"single","resource":"infinityexpansion:tools/blade_of_the_cosmos"},{"type":"single","resource":"slimefun:slimefun/basic_machines/carbonado_edged_furnace"},{"type":"single","resource":"slimefun:slimefun/magical_armor/ender_amor/boots"},{"type":"single","resource":"slimefun:slimefun/magical_gadgets/wind_staff"},{"type":"single","resource":"supreme:armor/helmet/supreme_supreme_helmet"},{"type":"single","resource":"infinityexpansion:materials/ender_essence"},{"type":"single","resource":"slimefun:slimefun/cargo/crafting_motor"},{"type":"single","resource":"exotic_garden:fruits/peach_sapling"},{"type":"single","resource":"slimy_tree_taps:materials/sticky_resin"},{"type":"single","resource":"exotic_garden:plants/coal_essence"},{"type":"single","resource":"exotic_garden:foods/popcorn_sweet"},{"type":"single","resource":"slimy_tree_taps:materials/rubber"},{"type":"single","resource":"slimefun:slimefun/armor/hazmat_suit/leggings"},{"type":"single","resource":"exotic_garden:foods/carrot_cake"},{"type":"single","resource":"extra_gear:armor/zinc/zinc_helmet"},{"type":"single","resource":"slimefun:slimefun/cargo/manager"},{"type":"single","resource":"exotic_garden:foods/pumpkin_bread"},{"type":"single","resource":"supreme:armor/boots/supreme_supreme_boots"},{"type":"single","resource":"slimefun:slimefun/technical_components/cooling_unit"},{"type":"single","resource":"slimefun:slimefun/gui/next_off"},{"type":"single","resource":"slimefun:slimefun/talisman2/miner"},{"type":"single","resource":"slimefun:slimefun/magical_gadgets/storm_staff"},{"type":"single","resource":"slimefun:slimefun/magical_items/common_talisman"},{"type":"single","resource":"exotic_garden:fruits/strawberry_bush"},{"type":"single","resource":"exotic_garden:plants/obsidian_essence"},{"type":"single","resource":"slimefun:slimefun/armor/gilded_iron_armor/chestplate"},{"type":"single","resource":"slimefun:slimefun/resources/ingots/lead_ingot"},{"type":"single","resource":"slimefun:slimefun/talisman1/water_breather"},{"type":"single","resource":"exotic_garden:fruits/apple"},{"type":"single","resource":"exotic_garden:foods/cheesecake"},{"type":"single","resource":"exotic_garden:foods/leafy_chicken_sandwich"},{"type":"single","resource":"slimefun:slimefun/tools/soulbound_pickaxe"},{"type":"single","resource":"slimefun:slimefun/talisman1/magican"},{"type":"single","resource":"slimefun:slimefun/energy/coal_generator2"},{"type":"single","resource":"slimefun:slimefun/tools/lumber_axe"},{"type":"single","resource":"exotic_garden:drinks/cranberry_juice"},{"type":"single","resource":"slimefun:slimefun/magical_items/rune_water"},{"type":"single","resource":"infinityexpansion:materials/materials2/aluminum_singularity"},{"type":"single","resource":"slimefun:slimefun/resources/gold_ingots/gold_ingot_24"},{"type":"single","resource":"slimefun:slimefun/resources/gold_ingots/gold_ingot_22"},{"type":"single","resource":"slimefun:slimefun/resources/gold_ingots/gold_ingot_20"},{"type":"single","resource":"slimefun:slimefun/miscellaneous/duct_tape"},{"type":"single","resource":"slimefun:slimefun/tools/seeker_pickaxe"},{"type":"single","resource":"slimefun:slimefun/tools/soulbound_shovel"},{"type":"single","resource":"exotic_garden:fruits/cherry_sapling"},{"type":"single","resource":"exotic_garden:fruits/lemon"},{"type":"single","resource":"exotic_garden:fruits/lemon_sapling"},{"type":"single","resource":"exotic_garden:fruits/pear"},{"type":"single","resource":"extra_gear:armor/cobalt/cobalt_boots"},{"type":"single","resource":"slimefun:slimefun/technical_components/hardened_glass"},{"type":"single","resource":"slimefun:slimefun/food/apple_juice"},{"type":"single","resource":"slimefun:slimefun/gps/gps_transmitter"},{"type":"single","resource":"slimefun:slimefun/gps/gps_emergency_transmitter"},{"type":"single","resource":"slimefun:slimefun/resources/dusts/zinc_dust"},{"type":"single","resource":"slimefun:slimefun/items/tape_measure"},{"type":"single","resource":"slimefun:slimefun/androids/android/miner"},{"type":"single","resource":"exotic_garden:foods/elderberry_sandwich"},{"type":"single","resource":"bump:tools/appraisal_paper_armor"},{"type":"single","resource":"slimefun:slimefun/gps/gps_geo_scanner"},{"type":"single","resource":"slimefun:slimefun/gps/gps_transmitter_advanced"},{"type":"single","resource":"exotic_garden:foods/bacon"},{"type":"single","resource":"slimefun:slimefun/items/splint"},{"type":"single","resource":"slimefun:slimefun/talisman2/wizard"},{"type":"single","resource":"slimefun:slimefun/resources/fuel/oil"},{"type":"single","resource":"bump:magical_items/sun_energy"},{"type":"single","resource":"exotic_garden:foods/waffles"},{"type":"single","resource":"slimefun:slimefun/technical_components/powered_crystal"},{"type":"single","resource":"infinityexpansion:materials/machine_plate"},{"type":"single","resource":"slimefun:slimefun/energy/electric_smeltery2"},{"type":"single","resource":"slimefun:slimefun/tools/climbing_pick"},{"type":"single","resource":"slimefun:slimefun/energy/food_fabricator_2"},{"type":"single","resource":"exotic_garden:fruits/tomato_plant"},{"type":"single","resource":"slimefun:slimefun/gps/geo_miner"},{"type":"single","resource":"slimefun:slimefun/energy/energy_regulator"},{"type":"single","resource":"slimefun:slimefun/armor/reinforced_armor/helmet"},{"type":"single","resource":"exotic_garden:drinks/orange_juice"},{"type":"single","resource":"exotic_garden:foods/blackberry_jelly_sandwich"},{"type":"single","resource":"slimefun:slimefun/magical_armor/glowstone_armor/boots"},{"type":"single","resource":"exotic_garden:fruits/orange_sapling"},{"type":"single","resource":"exotic_garden:fruits/garlic_plant"},{"type":"single","resource":"slimefun:slimefun/magical_gadgets/knowledge_flask"},{"type":"single","resource":"slimy_tree_taps:treetap/reinforced_tree_tap"},{"type":"single","resource":"exotic_garden:foods/cranberry_jelly_sandwich"},{"type":"single","resource":"exotic_garden:drinks/elderberry_juice"},{"type":"single","resource":"slimefun:slimefun/resources/ingots/duralumin_ingot"},{"type":"single","resource":"infinityexpansion:materials/void_dust"},{"type":"single","resource":"infinityexpansion:materials/magnonium"},{"type":"single","resource":"slimefun:slimefun/miscellaneous/stone_chunk"},{"type":"single","resource":"slimefun:slimefun/miscellaneous/reinforced_plate"},{"type":"single","resource":"supreme:components/supreme_attribute_impetus"},{"type":"single","resource":"bump:magical_weapons/guard_sword"},{"type":"single","resource":"exotic_garden:drinks/blackberry_juice"},{"type":"single","resource":"exotic_garden:plants/glowstone_essence"},{"type":"single","resource":"slimefun:slimefun/resources/valuables/synthetic_emerald"},{"type":"single","resource":"exotic_garden:foods/hot_dog_bbq_bacon_wrapped"},{"type":"single","resource":"slimefun:slimefun/talisman1/knight"},{"type":"single","resource":"exotic_garden:fruits/lettuce"},{"type":"single","resource":"exotic_garden:drinks/oak_apple_juice"},{"type":"single","resource":"bump:tools/appraisal_paper_damage"},{"type":"single","resource":"exotic_garden:foods/blackberry_cobbler"},{"type":"single","resource":"supreme:components/supreme_core_of_death"},{"type":"single","resource":"slimefun:slimefun/talisman1/firefighter"},{"type":"single","resource":"exotic_garden:plants/redstone_plant"},{"type":"single","resource":"bump:magical_weapons/light_bow/light_bow"},{"type":"single","resource":"slimefun:slimefun/energy/auto_enchanter_2"},{"type":"single","resource":"exotic_garden:drinks/lemon_juice"},{"type":"single","resource":"slimefun:slimefun/basic_machines/pressure_chamber"},{"type":"single","resource":"exotic_garden:fruits/peach"},{"type":"single","resource":"slimefun:slimefun/magical_gadgets/infused_magnet"},{"type":"single","resource":"slimefun:slimefun/weapons/soulbound_bow/soulbound_bow"},{"type":"single","resource":"exotic_garden:fruits/cranberry_bush"},{"type":"single","resource":"exotic_garden:foods/pancakes"},{"type":"single","resource":"slimefun:slimefun/magical_gadgets/elemental_staff"},{"type":"single","resource":"slimefun:slimefun/none"},{"type":"single","resource":"slimefun:slimefun/resources/dusts/lead_dust"},{"type":"single","resource":"slimefun:slimefun/resources/radioactive_materials/boosted_uranium"},{"type":"single","resource":"slimefun:slimefun/food/sweet_berry_juice"},{"type":"single","resource":"supreme:components/supreme_conveyance_machine"},{"type":"single","resource":"foxymachines:weapons/acri_arcum/acri_arcum_pulling_2"},{"type":"single","resource":"exotic_garden:drinks/pear_juice"},{"type":"single","resource":"litexpansion:materials/raw_carbon_fibre"},{"type":"single","resource":"slimefun:slimefun/technical_components/steel_thruster"},{"type":"single","resource":"exotic_garden:foods/pumpkin_cheesecake"},{"type":"single","resource":"foxymachines:weapons/acri_arcum/acri_arcum_pulling_1"},{"type":"single","resource":"slimefun:slimefun/magical_gadgets/elytra_scale"},{"type":"single","resource":"foxymachines:weapons/acri_arcum/acri_arcum_pulling_0"},{"type":"single","resource":"slimefun:slimefun/energy/crop_growth_accelerator_2"},{"type":"single","resource":"slimefun:slimefun/miscellaneous/steel_plate"},{"type":"single","resource":"simpleutils:simple_wrench"},{"type":"single","resource":"slimefun:slimefun/items/backpack_gilded"},{"type":"single","resource":"extra_gear:armor/steel/steel_chestplate"},{"type":"single","resource":"slimefun:slimefun/gps/nether_drill"},{"type":"single","resource":"slimefun:slimefun/miscellaneous/organic_food/potatoes"},{"type":"single","resource":"litexpansion:materials/refined_iron"},{"type":"single","resource":"slimefun:slimefun/energy/electric_ingot_pulverizer"},{"type":"single","resource":"slimefun:slimefun/tools/explosive_pickaxe"},{"type":"single","resource":"slimefun:slimefun/energy/nether_star_reactor"},{"type":"single","resource":"slimefun:slimefun/magical_gadgets/magic_ender_eye"},{"type":"single","resource":"slimefun:slimefun/items/backpack"},{"type":"single","resource":"slimefun:slimefun/items/vitamins"},{"type":"single","resource":"slimefun:slimefun/resources/valuables/raw_carbon"},{"type":"single","resource":"exotic_garden:fruits/blueberry"},{"type":"single","resource":"extra_gear:swords/aluminum_bronze_sword"},{"type":"single","resource":"slimefun:slimefun/basic_machines/smeltery"},{"type":"single","resource":"exotic_garden:foods/burrito"},{"type":"single","resource":"slimefun:slimefun/gps/gps_control_panel"},{"type":"single","resource":"exotic_garden:foods/raspberry_jelly_sandwich"},{"type":"single","resource":"exotic_garden:fruits/garlic"},{"type":"single","resource":"slimefun:slimefun/technical_gadgets/solder_multi_tool"},{"type":"single","resource":"exotic_garden:foods/chicken_pot_pie"},{"type":"single","resource":"exotic_garden:foods/blueberry_pie"},{"type":"single","resource":"slimefun:slimefun/magical_items/magical_glass"},{"type":"single","resource":"slimefun:slimefun/androids/interface_fuel"},{"type":"single","resource":"slimefun:slimefun/energy/carbonado_edged_energy_capacitor"},{"type":"single","resource":"exotic_garden:drinks/lime_juice"},{"type":"single","resource":"slimefun:slimefun/miscellaneous/organic_fertilizer/apple"},{"type":"single","resource":"exotic_garden:fruits/cowberry_bush"},{"type":"single","resource":"extra_gear:armor/aluminum/aluminum_boots"},{"type":"single","resource":"slimefun:slimefun/talisman1/warrior"},{"type":"single","resource":"bump:magical_items/old_cpu"},{"type":"single","resource":"exotic_garden:fruits/orange"},{"type":"single","resource":"exotic_garden:plants/slime_plant"},{"type":"single","resource":"extra_gear:swords/solder_sword"},{"type":"single","resource":"slimefun:slimefun/miscellaneous/organic_food/melon"},{"type":"single","resource":"slimefun:slimefun/armor/hazmat_suit/chestplate"},{"type":"single","resource":"slimefun:slimefun/talisman1/wise"},{"type":"single","resource":"exotic_garden:foods/creamed_corn"},{"type":"single","resource":"slimefun:slimefun/technical_components/reactor_coolant_cell"},{"type":"single","resource":"exotic_garden:drinks/cherry_juice"},{"type":"single","resource":"slimefun:slimefun/resources/ingots/redstone_alloy_ingot"},{"type":"single","resource":"slimefun:slimefun/technical_gadgets/reinforced_alloy_multi_tool"},{"type":"single","resource":"slimefun:slimefun/food/magic_sugar"},{"type":"single","resource":"exotic_garden:drinks/strawberry_iced_tea"},{"type":"single","resource":"extra_gear:swords/steel_sword"},{"type":"single","resource":"slimefun:slimefun/items/bandage"},{"type":"single","resource":"slimefun:slimefun/resources/ingots/brass_ingot"},{"type":"single","resource":"slimefun:slimefun/resources/valuables/synthetic_diamond"},{"type":"single","resource":"litexpansion:materials/mixed_metal_ingot"},{"type":"single","resource":"slimefun:slimefun/magical_armor/glowstone_armor/helmet"},{"type":"single","resource":"extra_gear:armor/silver/silver_chestplate"},{"type":"single","resource":"slimefun:slimefun/technical_gadgets/damascus_steel_jetpack"},{"type":"single","resource":"exotic_garden:fruits/cherry"},{"type":"single","resource":"supreme:components/supreme_cetrus_lux"},{"type":"single","resource":"slimefun:slimefun/basic_machines/grind_stone"},{"type":"single","resource":"slimefun:slimefun/androids/android3/normal"},{"type":"single","resource":"slimefun:slimefun/resources/ingots/aluminum_brass_ingot"},{"type":"single","resource":"exotic_garden:foods/strawberry_pie"},{"type":"single","resource":"infinityexpansion:materials/void_bit"},{"type":"single","resource":"slimefun:slimefun/resources/valuables/compressed_carbon"},{"type":"single","resource":"infinityexpansion:materials/materials2/quartz_singularity"},{"type":"single","resource":"supreme:components/supreme_crystallizer_machine"},{"type":"single","resource":"supreme:components/supreme_supreme_nugget"},{"type":"single","resource":"slimefun:slimefun/items/medicine"},{"type":"single","resource":"exotic_garden:drinks/thai_tea"},{"type":"single","resource":"litexpansion:materials/advanced_alloy"},{"type":"single","resource":"slimefun:slimefun/food/melon_juice"},{"type":"single","resource":"infinityexpansion:materials/infinity_ingot"},{"type":"single","resource":"exotic_garden:foods/oak_apple_pie"},{"type":"single","resource":"exotic_garden:fruits/tomato"},{"type":"single","resource":"exotic_garden:foods/popcorn"},{"type":"single","resource":"extra_gear:swords/damascus_steel_sword"},{"type":"single","resource":"exotic_garden:foods/blt_sandwich"},{"type":"single","resource":"slimefun:slimefun/items/restored_backpack"},{"type":"single","resource":"supreme:components/supreme_core_of_alloy"},{"type":"single","resource":"slimefun:slimefun/food/carrot_juice"},{"type":"single","resource":"exotic_garden:foods/bacon_sandwich"},{"type":"single","resource":"exotic_garden:plants/plant_aluminum"},{"type":"single","resource":"slimefun:slimefun/magical_items/magical_lump3"},{"type":"single","resource":"slimefun:slimefun/magical_items/magical_lump2"},{"type":"single","resource":"slimefun:slimefun/miscellaneous/organic_food/none"},{"type":"single","resource":"slimefun:slimefun/technical_gadgets/billon_jetpack"},{"type":"single","resource":"extra_gear:armor/aluminum/aluminum_chestplate"},{"type":"single","resource":"exotic_garden:fruits/grape"},{"type":"single","resource":"exotic_garden:foods/biscuits_and_country_gravy"},{"type":"single","resource":"exotic_garden:plants/glowstone_plant"},{"type":"single","resource":"exotic_garden:foods/strawberry_salad"},{"type":"single","resource":"fluffymachines:scythe"},{"type":"single","resource":"exotic_garden:fruits/curry_leaf_plant"},{"type":"single","resource":"slimefun:slimefun/gui/previous_on"},{"type":"single","resource":"slimefun:slimefun/magical_armor/glowstone_armor/leggings"},{"type":"single","resource":"extra_gear:armor/silver/silver_leggings"},{"type":"single","resource":"exotic_garden:fruits/onion"},{"type":"single","resource":"exotic_garden:foods/lamington"},{"type":"single","resource":"slimefun:slimefun/talisman2/angel"},{"type":"single","resource":"slimefun:slimefun/armor/cactus_armor/leggings"},{"type":"single","resource":"slimefun:slimefun/energy/electric_furnace"},{"type":"single","resource":"slimefun:slimefun/energy/lava_generator2"},{"type":"single","resource":"exotic_garden:foods/blueberry_muffin"},{"type":"single","resource":"exotic_garden:foods/cowberry_pie"},{"type":"single","resource":"slimefun:slimefun/armor/cactus_armor/chestplate"},{"type":"single","resource":"slimefun:slimefun/miscellaneous/cheese"},{"type":"single","resource":"slimefun:slimefun/weapons/soulbound_sword"},{"type":"single","resource":"bump:magical_items/water_sugar"},{"type":"single","resource":"infinityexpansion:materials/materials2/machine_core"},{"type":"single","resource":"litexpansion:tools/cargo_configurator"},{"type":"single","resource":"slimefun:slimefun/talisman2/hunter"},{"type":"single","resource":"infinityexpansion:materials/magsteel_plate"},{"type":"single","resource":"slimefun:slimefun/miscellaneous/organic_food/beetroot"},{"type":"single","resource":"slimefun:slimefun/energy/electric_smeltery"},{"type":"single","resource":"infinityexpansion:materials/materials2/quintuple_compressed_cobblestone"},{"type":"single","resource":"supreme:components/supreme_cetrus_ignis"},{"type":"single","resource":"infinityexpansion:materials/materials2/diamond_singularity"},{"type":"single","resource":"slimefun:slimefun/energy/electrified_crucible3"},{"type":"single","resource":"slimefun:slimefun/energy/electrified_crucible2"},{"type":"single","resource":"bump:magical_items/update_power"},{"type":"single","resource":"slimefun:slimefun/androids/android3/woodcutter"},{"type":"single","resource":"supreme:weapons/supreme_axe"},{"type":"single","resource":"extra_gear:armor/copper/copper_leggings"},{"type":"single","resource":"exotic_garden:foods/grape_pie"},{"type":"single","resource":"slimefun:slimefun/resources/radioactive_materials/uranium"},{"type":"single","resource":"slimefun:slimefun/resources/radioactive_materials/blistering_ingot_100"},{"type":"single","resource":"slimefun:slimefun/cargo/vanilla_auto_crafter"},{"type":"single","resource":"slimefun:slimefun/energy/large_energy_capacitor"},{"type":"single","resource":"exotic_garden:fruits/cabbage_plant"},{"type":"single","resource":"extra_gear:armor/zinc/zinc_leggings"},{"type":"single","resource":"exotic_garden:foods/peach_pie"},{"type":"single","resource":"slimefun:slimefun/miscellaneous/gold_block_carat_24"},{"type":"single","resource":"slimefun:slimefun/items/cooler"},{"type":"single","resource":"exotic_garden:fruits/blueberry_bush"},{"type":"single","resource":"slimefun:slimefun/energy/heated_pressure_chamber"},{"type":"single","resource":"exotic_garden:drinks/cherry_iced_tea"},{"type":"single","resource":"exotic_garden:fruits/cranberry"},{"type":"single","resource":"slimefun:slimefun/energy/small_energy_capacitor"},{"type":"single","resource":"exotic_garden:foods/deluxe_cheeseburger"},{"type":"single","resource":"exotic_garden:plants/essence_aluminum"},{"type":"single","resource":"slimefun:slimefun/armor/gilded_iron_armor/helmet"},{"type":"single","resource":"slimefun:slimefun/tools/gold_pan"},{"type":"single","resource":"slimefun:slimefun/magical_items/rune_air"},{"type":"single","resource":"exotic_garden:foods/chocolate_pear_cake"},{"type":"single","resource":"slimefun:slimefun/magical_items/lava_crystal"},{"type":"single","resource":"supreme:components/supreme_attribute_bomb"},{"type":"single","resource":"slimefun:slimefun/technical_gadgets/damascus_steel_multi_tool"},{"type":"single","resource":"slimefun:slimefun/weapons/grandmas_walking_stick"},{"type":"single","resource":"exotic_garden:plants/emerald_plant"},{"type":"single","resource":"slimefun:slimefun/magical_gadgets/dimensional_scroll"},{"type":"single","resource":"infinityexpansion:tools/sky_piercer/sky_piercer"},{"type":"single","resource":"extra_gear:swords/reinforced_sword"},{"type":"single","resource":"slimefun:slimefun/magical_items/rune_earth"},{"type":"single","resource":"infinityexpansion:materials/materials2/redstone_singularity"},{"type":"single","resource":"slimefun:slimefun/magical_gadgets/backpack_soulbound"},{"type":"single","resource":"exotic_garden:foods/tiramisu_with_raspberries"},{"type":"single","resource":"extra_gear:armor/lead/lead_chestplate"},{"type":"single","resource":"exotic_garden:fruits/elderberry_bush"},{"type":"single","resource":"slimefun:slimefun/magical_items/strange_nether_goo"},{"type":"single","resource":"slimefun:slimefun/basic_machines/reinforced_furnace"},{"type":"single","resource":"exotic_garden:plants/iron_plant"},{"type":"single","resource":"slimefun:slimefun/talisman2/traveller"},{"type":"single","resource":"slimefun:slimefun/tools/vein_pickaxe"},{"type":"single","resource":"slimefun:slimefun/miscellaneous/crushed_ore"},{"type":"single","resource":"slimefun:slimefun/resources/ingots/zinc_ingot"},{"type":"single","resource":"exotic_garden:plants/obsidian_plant"},{"type":"single","resource":"exotic_garden:fruits/black_pepper_plant"},{"type":"single","resource":"exotic_garden:plants/plant_tin"},{"type":"single","resource":"slimefun:slimefun/androids/android2/farmer"},{"type":"single","resource":"slimefun:slimefun/resources/radioactive_materials/neptunium"},{"type":"single","resource":"litexpansion:materials/iridium"},{"type":"single","resource":"slimefun:slimefun/magical_gadgets/magical_zombie_pills"},{"type":"single","resource":"slimefun:slimefun/armor/damascus_armor/chestplate"},{"type":"single","resource":"slimefun:slimefun/resources/fuel/fuel"},{"type":"single","resource":"bump:magical_weapons/emer_sword"},{"type":"single","resource":"slimefun:slimefun/androids/android/butcher"},{"type":"single","resource":"slimefun:slimefun/technical_gadgets/duralumin_multi_tool"},{"type":"single","resource":"slimefun:slimefun/energy/auto_enchanter"},{"type":"single","resource":"exotic_garden:fruits/raspberry"},{"type":"single","resource":"slimefun:slimefun/talisman2/anvil"},{"type":"single","resource":"slimefun:slimefun/resources/ingots/billon_ingot"},{"type":"single","resource":"exotic_garden:fruits/dragon_fruit"},{"type":"single","resource":"slimefun:slimefun/basic_machines/automatic_ignition_chamber"},{"type":"single","resource":"slimefun:slimefun/gps/gps_activation_device_personal"},{"type":"single","resource":"exotic_garden:drinks/sweetened_tea"},{"type":"single","resource":"slimefun:slimefun/gui/menu"},{"type":"single","resource":"bump:magical_weapons/sky_sword"},{"type":"single","resource":"slimefun:slimefun/technical_gadgets/carbonado_multi_tool"},{"type":"single","resource":"exotic_garden:drinks/coconut_milk"},{"type":"single","resource":"exotic_garden:fruits/elderberry"},{"type":"single","resource":"extra_gear:swords/cobalt_sword"},{"type":"single","resource":"slimefun:slimefun/energy/electric_ingot_factory"},{"type":"single","resource":"exotic_garden:foods/fish_taco"},{"type":"single","resource":"exotic_garden:fruits/pineapple_plant"},{"type":"single","resource":"infinityexpansion:materials/adamantite"},{"type":"single","resource":"exotic_garden:fruits/sweet_potato_plant"},{"type":"single","resource":"infinityexpansion:materials/materials2/zinc_singularity"},{"type":"single","resource":"infinityexpansion:materials/fortune_singularity"},{"type":"single","resource":"slimefun:slimefun/resources/ingots/silver_ingot"},{"type":"single","resource":"slimefun:slimefun/resources/dusts/magnesium_dust"},{"type":"single","resource":"slimefun:slimefun/miscellaneous/organic_food/carrots"},{"type":"single","resource":"exotic_garden:foods/cheeseburger"},{"type":"single","resource":"slimefun:slimefun/miscellaneous/organic_fertilizer/dried_kelp"},{"type":"single","resource":"supreme:components/supreme_attribute_fortune"},{"type":"single","resource":"slimefun:slimefun/talisman1/anvil"},{"type":"single","resource":"slimy_tree_taps:treetap/diamond_tree_tap"},{"type":"single","resource":"slimefun:slimefun/technical_components/wither_proof_obsidian"}]}